2366,2025-09-15 00:49:08.847038712,dealer2,sender1,{"52":"2025-09-15 14:56:41.474537893","150":"7135","32":"24384"},{"12":6.483,"12":2.608,"151":"2.4613"},2025-09-15 03:42:38.257263243,20337
5837,2025-09-15 02:24:05.060501801,dealer1,sender3,{"8":"boy","151":"0.1778","12":1.156},{"32":"7264","35":"4","150":"12445"},2025-09-15 19:23:59.701933429,20914
9836,2025-09-15 17:00:21.521696428,dealer1,sender2,{"35":"X","35":"R","32":"18006"},{"38":"1.7769","38":"1.3081","150":"14616"},2025-09-15 21:31:30.798361580,5762
4118,2025-09-15 01:54:01.452363313,dealer1,sender1,{"38":"1.3225","8":"joe","151":"1.4557"},{"12":19.23,"32":"21114","52":"2025-09-15 16:22:21.010527803"},2025-09-15 17:43:07.395135559,23428
21659,2025-09-15 02:23:15.364812477,dealer1,sender1,{"5":"N","8":"boy","52":"2025-09-15 04:23:41.379883909"},{"150":"21922","35":"j","38":"0.4961"},2025-09-15 22:11:29.117575138,6209
13522,2025-09-15 04:42:37.148673653,dealer2,sender3,{"52":"2025-09-15 05:04:50.739580582","150":"5841","52":"2025-09-15 13:17:09.181246134"},{"40":"E","40":"C","38":"1.6851"},2025-09-15 05:15:22.103969083,20435
3527,2025-09-15 18:27:52.920957192,dealer2,sender1,{"35":"6","150":"1539","32":"18431"},{"31":"2.2993","8":"me","52":"2025-09-15 22:43:12.734109380"},2025-09-15 11:04:25.237862791,21995
16219,2025-09-15 04:47:17.794525502,dealer1,sender3,{"12":14.721,"151":"0.665","31":"2.1537"},{"32":"4832","52":"2025-09-15 16:21:09.437508643","35":"i"},2025-09-15 10:32:13.403747175,5172
9350,2025-09-15 06:31:38.682645647,dealer1,sender1,{"52":"2025-09-15 03:01:08.261552755","38":"1.5857","5":"R"},{"31":"1.8284","8":"hello","40":"P"},2025-09-15 16:48:51.021636155,479
21110,2025-09-15 07:24:02.910466979,dealer1,sender3,{"31":"0.3051","32":"13975","12":0.123},{"40":"E","150":"9310","5":"C"},2025-09-15 19:20:38.614769145,22863
7354,2025-09-15 16:10:57.675581772,dealer1,sender1,{"8":"boy","5":"C","12":18.393},{"38":"2.4279","31":"2.0477","150":"1625"},2025-09-15 03:30:59.091341218,18025
3620,2025-09-15 02:06:54.200842133,dealer2,sender3,{"8":"ok","151":"1.5313","5":"R"},{"150":"12813","40":"2","12":24.659},2025-09-15 19:37:25.659455369,5345
17129,2025-09-15 06:44:01.891767193,dealer1,sender2,{"35":"A","8":"hello","151":"0.6296"},{"40":"1","12":4.307,"52":"2025-09-15 22:52:28.911999529"},2025-09-15 14:30:14.907438372,13662
16601,2025-09-15 10:58:28.670763180,dealer1,sender3,{"151":"0.3895","12":9.561,"32":"481"},{"35":"m","38":"0.4691","40":"I"},2025-09-15 07:58:56.264708547,3730
17232,2025-09-15 16:37:02.475806561,dealer2,sender1,{"12":17.123,"40":"4","38":"1.0272"},{"5":"R","32":"1785","151":"1.0887"},2025-09-15 21:31:34.124500229,22736
2049,2025-09-15 01:06:30.785119843,dealer1,sender3,{"8":"me","35":"j","40":"E"},{"38":"2.4036","151":"1.279","52":"2025-09-15 06:53:51.486565666"},2025-09-15 10:33:32.396225691,8664
6064,2025-09-15 21:36:09.955803169,dealer1,sender3,{"151":"1.8791","35":"P","5":"N"},{"150":"9212","38":"1.9555","40":"6"},2025-09-15 12:18:26.320903599,16228
21241,2025-09-15 16:38:48.357498548,dealer2,sender1,{"32":"8107","8":"what","52":"2025-09-15 11:59:55.224881244"},{"38":"0.0259","35":"W","40":"D"},2025-09-15 09:00:50.364453815,3399
374,2025-09-15 03:28:01.583974095,dealer2,sender3,{"8":"me","35":"l","8":"me"},{"52":"2025-09-15 09:34:51.694118985","40":"I","32":"20391"},2025-09-15 21:34:25.407743278,15616
16854,2025-09-15 16:31:15.291887401,dealer1,sender3,{"40":"C","150":"7263","5":"C"},{"35":"D","38":"1.9343","32":"24090"},2025-09-15 04:14:09.231494270,23033
11270,2025-09-15 17:41:20.948453127,dealer2,sender2,{"12":18.856,"151":"0.91","38":"0.4952"},{"8":"joe","52":"2025-09-15 00:09:08.429865162","150":"20698"},2025-09-15 05:34:29.851893342,2016
21373,2025-09-15 09:50:43.274781879,dealer2,sender1,{"31":"0.3326","151":"0.8138","38":"0.73"},{"32":"6340","32":"9877","150":"15480"},2025-09-15 17:57:08.712138000,2796
15080,2025-09-15 04:21:32.996291892,dealer2,sender1,{"32":"12156","31":"1.5999","40":"H"},{"151":"1.2543","52":"2025-09-15 01:28:34.192562526","151":"0.906"},2025-09-15 08:01:23.139835840,20864
4222,2025-09-15 21:42:46.838619040,dealer1,sender1,{"31":"1.319","40":"B","31":"2.1017"},{"35":"Z","38":"2.1076","5":"N"},2025-09-15 22:42:52.025071856,23371
16894,2025-09-15 10:59:20.072272619,dealer2,sender1,{"40":"7","38":"1.0442","52":"2025-09-15 14:46:34.837705421"},{"12":24.911,"31":"1.5603","12":24.763},2025-09-15 12:58:02.203390231,24053
12146,2025-09-15 14:04:18.212838015,dealer1,sender3,{"5":"N","12":23.82,"52":"2025-09-15 13:39:47.373697189"},{"8":"boy","8":"joe","32":"6919"},2025-09-15 01:37:10.977571696,4861
7225,2025-09-15 04:02:59.253478236,dealer1,sender1,{"31":"1.9451","52":"2025-09-15 14:12:23.001603772","12":17.799},{"5":"N","38":"1.7108","38":"0.0767"},2025-09-15 03:14:27.357338085,11912
5019,2025-09-15 04:59:24.484167525,dealer1,sender1,{"32":"15206","5":"N","5":"N"},{"12":6.588,"151":"1.9996","151":"1.4214"},2025-09-15 06:33:22.813029560,5199
9116,2025-09-15 01:47:54.139788237,dealer1,sender3,{"40":"F","38":"0.5232","151":"0.181"},{"8":"joe","8":"boy","32":"9427"},2025-09-15 22:59:40.766774805,6441
21712,2025-09-15 08:14:11.033250033,dealer1,sender3,{"52":"2025-09-15 15:41:16.768553735","40":"1","150":"1811"},{"38":"0.0491","35":"C","151":"2.2984"},2025-09-15 10:32:59.852915592,2140
19134,2025-09-15 05:25:24.849253221,dealer1,sender2,{"150":"10104","8":"ok","150":"11747"},{"31":"0.7658","38":"0.7864","5":"N"},2025-09-15 21:17:48.111553605,390
18182,2025-09-15 09:30:02.304736233,dealer2,sender3,{"40":"F","151":"0.4513","151":"1.0087"},{"31":"0.1851","150":"13430","150":"20737"},2025-09-15 18:56:27.279963334,10418
5516,2025-09-15 09:19:51.727046041,dealer1,sender2,{"35":"c","8":"ok","12":24.174},{"151":"0.2625","150":"2439","52":"2025-09-15 18:39:15.949971819"},2025-09-15 18:30:05.740975997,10707
16064,2025-09-15 15:23:50.010307645,dealer1,sender3,{"12":9.746,"32":"19273","12":2.717},{"151":"0.1943","151":"1.9136","150":"15355"},2025-09-15 18:48:22.970224466,2405
3285,2025-09-15 09:55:18.823200872,dealer1,sender3,{"8":"ok","35":"4","8":"boy"},{"38":"2.446","151":"0.6226","32":"14723"},2025-09-15 18:00:41.154723610,18676
12164,2025-09-15 03:46:35.966702487,dealer2,sender1,{"151":"0.1125","31":"1.7847","12":2.366},{"8":"hello","32":"16133","8":"joe"},2025-09-15 23:18:54.289255703,21490
1713,2025-09-15 01:58:33.783199256,dealer2,sender1,{"38":"1.8654","52":"2025-09-15 00:00:40.437505674","40":"4"},{"5":"C","32":"15319","5":"C"},2025-09-15 08:37:18.528266166,22101
16249,2025-09-15 06:34:47.189535977,dealer2,sender3,{"5":"C","40":"2","32":"535"},{"150":"17921","52":"2025-09-15 20:48:25.194200234","151":"1.6394"},2025-09-15 15:44:13.531775519,18557
12554,2025-09-15 02:54:37.153696089,dealer2,sender2,{"12":2.481,"31":"1.0033","32":"19095"},{"8":"ok","35":"6","52":"2025-09-15 06:47:31.781606230"},2025-09-15 09:15:12.546984370,9737
20989,2025-09-15 12:13:33.704937058,dealer1,sender1,{"32":"6103","38":"1.6492","31":"0.0582"},{"35":"J","5":"C","12":13.639},2025-09-15 10:19:15.821408412,7423
531,2025-09-15 23:46:16.648242889,dealer1,sender3,{"8":"me","32":"7980","52":"2025-09-15 12:12:34.488006982"},{"150":"11165","12":22.637,"5":"N"},2025-09-15 02:39:49.990530396,13686
5913,2025-09-15 02:17:16.686547103,dealer2,sender3,{"150":"9751","35":"5","12":6.963},{"52":"2025-09-15 04:23:27.016023900","52":"2025-09-15 10:46:23.866605171","151":"0.5931"},2025-09-15 18:39:44.443563049,7044
8896,2025-09-15 03:25:43.906553787,dealer1,sender2,{"12":12.591,"5":"N","40":"G"},{"52":"2025-09-15 06:27:00.992556567","8":"boy","35":"H"},2025-09-15 23:07:18.104449763,18730
2956,2025-09-15 08:16:54.609903398,dealer2,sender2,{"8":"me","32":"8968","38":"0.4933"},{"151":"1.8015","12":15.022,"151":"0.7106"},2025-09-15 00:40:06.415100214,2321
511,2025-09-15 10:57:30.998234761,dealer1,sender2,{"151":"2.0484","40":"B","35":"Y"},{"38":"2.1983","31":"0.668","5":"R"},2025-09-15 17:18:52.381897455,11953
5944,2025-09-15 23:47:22.418173151,dealer1,sender2,{"151":"1.3658","150":"24220","31":"1.8434"},{"32":"18419","8":"ok","40":"H"},2025-09-15 23:31:46.139561227,11201
11651,2025-09-15 00:41:52.768036374,dealer1,sender2,{"52":"2025-09-15 00:50:46.031086774","12":4.056,"31":"0.5637"},{"35":"7","40":"3","5":"R"},2025-09-15 17:48:45.055577308,781
10680,2025-09-15 06:34:51.660081758,dealer1,sender1,{"150":"15669","32":"9663","52":"2025-09-15 08:26:18.874214116"},{"12":16.824,"151":"0.9989","35":"e"},2025-09-15 21:38:39.787217149,4344
16611,2025-09-15 08:13:33.865486756,dealer2,sender2,{"40":"E","40":"8","32":"9891"},{"38":"0.5114","12":22.632,"31":"0.2014"},2025-09-15 04:03:37.094185082,18070
14032,2025-09-15 11:23:39.807702048,dealer2,sender3,{"35":"Y","52":"2025-09-15 20:59:02.850282323","150":"2489"},{"12":10.697,"40":"E","151":"1.4194"},2025-09-15 16:28:27.635403639,14935
21844,2025-09-15 19:40:39.556850672,dealer2,sender1,{"32":"19980","8":"what","52":"2025-09-15 20:11:18.408426001"},{"35":"J","12":6.034,"38":"1.6295"},2025-09-15 06:04:03.303092056,10511
23540,2025-09-15 15:37:23.517802240,dealer2,sender2,{"150":"21381","32":"13230","32":"4479"},{"8":"me","31":"2.4301","35":"P"},2025-09-15 00:59:36.307266751,14663
1127,2025-09-15 22:43:13.321977240,dealer2,sender2,{"151":"1.2995","12":23.082,"38":"0.5897"},{"31":"1.9438","8":"joe","32":"22385"},2025-09-15 22:09:16.445008089,3566
134,2025-09-15 00:10:00.866045870,dealer2,sender2,{"151":"1.5506","52":"2025-09-15 11:11:44.298444768","52":"2025-09-15 11:07:35.061889887"},{"32":"6299","5":"C","32":"1477"},2025-09-15 07:34:30.890695517,21757
4249,2025-09-15 15:31:51.291221052,dealer1,sender3,{"31":"1.8383","40":"4","40":"D"},{"52":"2025-09-15 08:18:22.842532972","151":"0.422","150":"9648"},2025-09-15 13:39:34.076446859,2394
16566,2025-09-15 07:19:51.114062619,dealer1,sender3,{"35":"T","150":"9516","35":"7"},{"52":"2025-09-15 05:01:06.868782548","31":"0.5104","12":18.029},2025-09-15 12:19:32.501853856,19564
18384,2025-09-15 16:28:57.410890706,dealer1,sender2,{"38":"0.0629","31":"1.3612","12":23.727},{"8":"what","8":"hello","52":"2025-09-15 02:25:11.270174783"},2025-09-15 03:08:36.168438478,19758
5685,2025-09-15 09:33:46.204510045,dealer2,sender3,{"5":"R","52":"2025-09-15 01:09:30.931673913","8":"ok"},{"35":"a","38":"0.2339","32":"6109"},2025-09-15 13:12:10.928468741,16354
15651,2025-09-15 08:51:11.344671604,dealer2,sender1,{"151":"1.5762","12":7.617,"52":"2025-09-15 20:11:39.470261727"},{"5":"C","8":"joe","8":"what"},2025-09-15 13:32:23.941463949,21133
18217,2025-09-15 01:55:17.895333343,dealer2,sender2,{"150":"13858","151":"0.7231","40":"I"},{"32":"16164","5":"C","35":"T"},2025-09-15 07:38:06.842816142,18364
10849,2025-09-15 15:06:47.088093359,dealer2,sender2,{"38":"1.1227","40":"B","40":"E"},{"52":"2025-09-15 08:28:15.230603387","12":1.625,"5":"C"},2025-09-15 21:34:32.612148382,21657
18883,2025-09-15 15:44:55.452965285,dealer2,sender2,{"8":"joe","151":"0.1996","8":"hello"},{"32":"23711","32":"6584","38":"0.6713"},2025-09-15 08:24:43.918981024,20518
22723,2025-09-15 02:46:09.550879800,dealer2,sender1,{"31":"1.7795","52":"2025-09-15 20:03:35.102660418","38":"1.672"},{"35":"a","32":"7057","8":"ok"},2025-09-15 22:20:21.433934661,22389
6068,2025-09-15 05:42:22.049226902,dealer1,sender2,{"12":4.549,"12":9.467,"40":"2"},{"35":"S","151":"1.4305","38":"2.3305"},2025-09-15 20:11:32.085765957,20356
20041,2025-09-15 20:21:44.707495001,dealer2,sender3,{"38":"1.6335","32":"17767","32":"24174"},{"12":12.475,"8":"hello","8":"hello"},2025-09-15 19:58:53.339732536,23397
14451,2025-09-15 01:35:22.014697162,dealer1,sender3,{"35":"j","151":"2.4877","151":"2.1523"},{"40":"C","8":"ok","8":"what"},2025-09-15 11:14:18.135185605,20136
1178,2025-09-15 12:56:22.098484440,dealer1,sender1,{"8":"joe","35":"2","5":"R"},{"151":"1.9167","12":8.064,"40":"A"},2025-09-15 13:45:06.504590504,17903
2029,2025-09-15 15:01:41.452683113,dealer1,sender3,{"38":"1.5725","5":"N","150":"22994"},{"35":"5","8":"what","40":"C"},2025-09-15 17:37:15.641702695,11507
22991,2025-09-15 19:12:22.520731555,dealer1,sender1,{"38":"0.0479","12":2.52,"151":"0.6227"},{"35":"0","5":"N","32":"22297"},2025-09-15 16:59:43.584844536,18749
23035,2025-09-15 09:53:07.509318956,dealer1,sender2,{"8":"joe","32":"17168","35":"7"},{"5":"R","52":"2025-09-15 14:39:25.977440105","150":"12309"},2025-09-15 09:20:25.576226154,1229
2503,2025-09-15 06:50:14.597672766,dealer1,sender1,{"32":"1540","12":16.744,"31":"0.2222"},{"8":"what","8":"me","151":"0.8819"},2025-09-15 15:02:40.187861679,14104
1365,2025-09-15 21:58:58.111894877,dealer1,sender2,{"12":2.111,"5":"N","38":"1.6457"},{"8":"me","151":"1.9841","40":"3"},2025-09-15 22:37:04.458246151,5836
2272,2025-09-15 17:36:21.709938342,dealer2,sender1,{"12":4.921,"38":"1.7228","38":"1.4298"},{"31":"2.1972","31":"2.0883","35":"T"},2025-09-15 14:46:09.493042675,14630
5226,2025-09-15 15:27:50.757473029,dealer1,sender1,{"31":"0.8305","52":"2025-09-15 19:17:10.135754416","35":"B"},{"151":"0.0699","32":"9384","150":"22729"},2025-09-15 15:33:56.516713745,13218
1603,2025-09-15 17:40:59.501399397,dealer1,sender1,{"32":"16406","8":"boy","38":"1.647"},{"150":"11104","52":"2025-09-15 00:16:50.048856906","35":"H"},2025-09-15 11:53:45.568509664,23354
22570,2025-09-15 09:53:59.170605918,dealer2,sender2,{"32":"14737","12":9.515,"40":"H"},{"35":"Y","151":"0.6709","5":"R"},2025-09-15 07:52:44.295310245,11095
3515,2025-09-15 23:50:36.838877492,dealer1,sender1,{"12":19.284,"35":"l","8":"boy"},{"31":"0.0224","5":"R","5":"N"},2025-09-15 12:19:15.098861922,6613
15603,2025-09-15 07:14:19.612722977,dealer2,sender2,{"8":"joe","32":"15528","35":"F"},{"52":"2025-09-15 16:29:40.929848361","52":"2025-09-15 05:18:55.136960038","31":"1.3185"},2025-09-15 14:43:52.351629871,9240
23217,2025-09-15 19:49:44.091150189,dealer2,sender2,{"150":"7146","151":"1.7694","40":"F"},{"35":"m","52":"2025-09-15 20:40:04.777079101","5":"C"},2025-09-15 20:23:47.328610768,22785
10158,2025-09-15 09:49:04.410033036,dealer1,sender3,{"40":"4","38":"0.4268","52":"2025-09-15 06:23:00.102858511"},{"8":"hello","35":"i","151":"1.9251"},2025-09-15 03:06:01.567658906,17836
7924,2025-09-15 01:11:05.206979042,dealer2,sender3,{"31":"1.372","32":"1749","31":"0.4611"},{"12":10.38,"35":"i","8":"what"},2025-09-15 10:03:20.668790194,3728
12737,2025-09-15 12:43:49.987696556,dealer1,sender2,{"32":"13707","150":"21973","52":"2025-09-15 20:02:22.940401977"},{"8":"what","5":"N","5":"C"},2025-09-15 00:11:22.025468435,3815
7371,2025-09-15 19:03:54.461435397,dealer2,sender2,{"52":"2025-09-15 01:06:44.754743294","31":"0.3547","38":"0.3444"},{"32":"7087","35":"M","150":"23958"},2025-09-15 07:28:52.591970163,5176
23005,2025-09-15 06:04:07.452381837,dealer1,sender3,{"150":"24094","8":"what","52":"2025-09-15 17:19:14.501767944"},{"40":"H","5":"N","151":"0.8156"},2025-09-15 22:45:32.730369018,18863
7385,2025-09-15 20:03:05.254931279,dealer1,sender3,{"52":"2025-09-15 09:57:57.453554448","31":"1.9755","52":"2025-09-15 03:28:25.360765693"},{"5":"R","38":"1.5547","8":"boy"},2025-09-15 21:40:04.581421132,3318
10744,2025-09-15 16:52:59.252435182,dealer1,sender1,{"8":"me","5":"C","35":"R"},{"150":"1103","40":"C","150":"18164"},2025-09-15 17:25:46.518698112,7191
17931,2025-09-15 15:34:44.920652985,dealer1,sender2,{"150":"10736","32":"16668","38":"2.3815"},{"5":"C","151":"0.0012","35":"T"},2025-09-15 01:40:02.546439158,4379
6976,2025-09-15 08:07:48.804720535,dealer2,sender1,{"151":"0.6538","35":"C","52":"2025-09-15 19:55:29.964557587"},{"8":"me","8":"boy","150":"11052"},2025-09-15 05:54:24.026088101,14219
15423,2025-09-15 08:26:11.057550999,dealer2,sender2,{"35":"D","32":"3999","32":"22153"},{"12":2.923,"5":"C","8":"me"},2025-09-15 10:12:50.304853222,23102
24416,2025-09-15 15:52:23.999050790,dealer2,sender3,{"151":"1.0004","32":"14707","35":"m"},{"31":"1.96","150":"14539","38":"0.6253"},2025-09-15 21:16:30.311146349,20657
5772,2025-09-15 12:02:00.119686670,dealer2,sender2,{"40":"3","12":21.211,"35":"a"},{"151":"1.3861","38":"1.8069","31":"0.95"},2025-09-15 00:29:54.336005286,19904
2158,2025-09-15 10:50:37.412371918,dealer1,sender2,{"8":"boy","32":"9932","150":"7107"},{"40":"7","151":"0.4684","40":"E"},2025-09-15 08:52:32.679641329,24768
20099,2025-09-15 03:18:47.527837665,dealer2,sender1,{"151":"2.1003","12":7.603,"52":"2025-09-15 00:24:01.391589745"},{"38":"0.1452","35":"J","31":"2.417"},2025-09-15 05:32:29.742282433,24660
2618,2025-09-15 10:40:43.553888714,dealer1,sender1,{"31":"0.3312","150":"15678","52":"2025-09-15 10:08:18.676865075"},{"38":"0.9572","32":"3252","5":"R"},2025-09-15 20:31:08.077688371,23039
18080,2025-09-15 06:24:55.132717407,dealer1,sender2,{"151":"0.0303","32":"18249","5":"C"},{"40":"P","40":"A","35":"9"},2025-09-15 05:14:00.013628992,16490
14507,2025-09-15 11:23:34.196864507,dealer2,sender2,{"38":"0.5265","150":"15897","32":"6438"},{"35":"h","151":"0.7406","12":21.672},2025-09-15 05:55:06.111340246,1191
18379,2025-09-15 20:47:29.171104698,dealer1,sender2,{"38":"0.962","8":"boy","31":"0.9055"},{"150":"4625","151":"1.4357","35":"Z"},2025-09-15 18:21:55.005304117,10052
16374,2025-09-15 02:06:54.366685425,dealer2,sender2,{"32":"13409","35":"f","31":"0.5665"},{"150":"17795","5":"C","52":"2025-09-15 10:25:55.378819004"},2025-09-15 22:36:21.895302241,15315
4824,2025-09-15 08:34:48.421055367,dealer1,sender3,{"35":"5","32":"15988","151":"0.923"},{"8":"joe","8":"hello","8":"joe"},2025-09-15 20:53:15.121868779,3395
3194,2025-09-15 21:26:00.557310759,dealer2,sender3,{"52":"2025-09-15 09:10:46.700028002","40":"2","12":3.932},{"151":"1.5937","38":"1.6012","31":"0.7327"},2025-09-15 21:24:57.532208218,13813
10308,2025-09-15 18:45:05.371534705,dealer2,sender2,{"8":"joe","151":"0.5734","32":"12566"},{"12":3.395,"35":"T","31":"0.3258"},2025-09-15 19:52:09.112843982,18002
22495,2025-09-15 08:32:41.626230220,dealer1,sender3,{"12":15.882,"52":"2025-09-15 04:06:49.984965437","5":"C"},{"8":"me","31":"0.0129","151":"0.5666"},2025-09-15 14:48:30.462567862,24905
2355,2025-09-15 14:34:37.891386401,dealer1,sender3,{"5":"C","150":"6047","52":"2025-09-15 12:33:57.494012780"},{"12":19.019,"38":"2.1069","35":"T"},2025-09-15 19:52:37.330618605,18138
323,2025-09-15 00:51:13.818051481,dealer1,sender2,{"151":"1.5378","151":"0.9861","31":"1.2416"},{"52":"2025-09-15 19:48:57.801175435","5":"N","38":"2.2196"},2025-09-15 04:14:02.865422984,546
19583,2025-09-15 21:43:39.482690895,dealer1,sender3,{"151":"1.3544","151":"2.2167","32":"3137"},{"5":"N","8":"hello","12":10.65},2025-09-15 08:31:33.073785234,6171
13826,2025-09-15 12:30:40.247238930,dealer1,sender2,{"32":"8334","32":"17443","31":"0.428"},{"35":"j","150":"8763","38":"0.9993"},2025-09-15 00:13:44.687674700,5729
898,2025-09-15 23:21:37.313958920,dealer2,sender2,{"38":"0.266","38":"0.4745","151":"0.5027"},{"32":"21136","12":21.755,"40":"I"},2025-09-15 04:32:22.813818782,22537
1132,2025-09-15 15:17:52.872135141,dealer2,sender1,{"150":"389","8":"boy","35":"P"},{"40":"D","32":"11393","31":"2.1201"},2025-09-15 12:17:55.466052687,5624
8908,2025-09-15 21:13:16.412552190,dealer2,sender1,{"5":"C","38":"0.3905","40":"G"},{"150":"14511","151":"0.4016","12":23.877},2025-09-15 07:42:22.144193605,2027
17797,2025-09-15 16:08:45.484977743,dealer2,sender3,{"38":"1.6576","5":"C","5":"R"},{"31":"0.3525","31":"2.1121","12":13.088},2025-09-15 10:01:49.719094006,14995
13631,2025-09-15 10:32:26.843419402,dealer2,sender2,{"5":"N","150":"20984","52":"2025-09-15 14:40:43.803469674"},{"31":"1.1765","31":"1.1877","38":"1.4668"},2025-09-15 23:13:35.908549624,4913
14780,2025-09-15 02:46:11.009397859,dealer1,sender1,{"35":"N","12":10.259,"31":"1.8523"},{"5":"R","40":"3","32":"19316"},2025-09-15 15:23:33.944207695,24143
19052,2025-09-15 05:41:10.923084828,dealer1,sender3,{"35":"d","35":"H","12":5.381},{"151":"1.4699","150":"2335","150":"21917"},2025-09-15 22:51:17.897885507,15732
6275,2025-09-15 02:26:02.284006015,dealer1,sender3,{"38":"1.0712","40":"F","35":"k"},{"12":23.307,"5":"R","31":"1.5022"},2025-09-15 01:22:00.543599062,22919
1176,2025-09-15 19:15:04.153322967,dealer1,sender2,{"5":"R","12":23.935,"8":"ok"},{"38":"0.5119","52":"2025-09-15 19:23:02.003072302","31":"1.0022"},2025-09-15 09:48:57.210420294,21524
20729,2025-09-15 23:14:35.058885765,dealer2,sender3,{"5":"N","35":"M","31":"1.3041"},{"40":"C","38":"1.5695","38":"1.5841"},2025-09-15 10:44:29.232784383,14803
2106,2025-09-15 21:52:59.210454410,dealer2,sender2,{"32":"7836","31":"1.7245","32":"12686"},{"35":"3","12":5.968,"5":"R"},2025-09-15 10:13:40.980935181,17268
24238,2025-09-15 03:04:59.367039230,dealer1,sender2,{"150":"15458","8":"ok","151":"2.0491"},{"38":"1.9343","40":"9","5":"R"},2025-09-15 01:44:34.482673036,17129
11017,2025-09-15 20:54:05.169089556,dealer1,sender3,{"32":"13244","35":"7","5":"N"},{"151":"1.4283","38":"0.5551","52":"2025-09-15 20:22:43.152316733"},2025-09-15 09:55:12.850167491,10056
11840,2025-09-15 04:04:30.753984720,dealer2,sender2,{"38":"1.493","32":"21470","40":"2"},{"31":"0.1651","151":"0.133","8":"hello"},2025-09-15 14:21:51.878116226,5452
24222,2025-09-15 10:38:03.358258219,dealer1,sender2,{"35":"3","40":"4","52":"2025-09-15 16:46:05.145378975"},{"12":7.474,"5":"C","32":"21235"},2025-09-15 02:32:13.822062872,23790
8314,2025-09-15 16:08:26.491715657,dealer2,sender1,{"150":"7762","12":16.395,"40":"3"},{"5":"C","52":"2025-09-15 14:45:23.674373939","32":"6285"},2025-09-15 00:09:35.499662876,16340
24661,2025-09-15 23:05:12.529892129,dealer1,sender1,{"5":"R","150":"18632","150":"3143"},{"35":"9","35":"8","32":"18047"},2025-09-15 00:26:45.018251497,10269
19807,2025-09-15 23:37:40.836227830,dealer2,sender2,{"32":"14668","31":"0.304","150":"24825"},{"40":"1","8":"ok","35":"Q"},2025-09-15 23:24:24.945708853,13891
21627,2025-09-15 08:39:53.945855797,dealer2,sender2,{"151":"0.0691","5":"N","52":"2025-09-15 01:10:29.010640456"},{"31":"1.0465","8":"ok","31":"0.0762"},2025-09-15 11:44:53.699357007,1381
16012,2025-09-15 12:50:30.496392335,dealer2,sender1,{"31":"0.729","151":"1.2213","12":20.415},{"32":"2631","5":"N","35":"l"},2025-09-15 21:25:27.237865114,23991
6871,2025-09-15 09:44:59.582983409,dealer1,sender1,{"12":15.454,"35":"a","12":2.95},{"31":"0.0933","150":"9836","150":"14229"},2025-09-15 01:32:38.373348751,6976
5000,2025-09-15 08:34:09.559788985,dealer2,sender3,{"40":"F","5":"N","35":"C"},{"32":"11247","150":"7745","32":"728"},2025-09-15 02:07:26.828281109,21815
7190,2025-09-15 16:34:49.959289409,dealer2,sender3,{"151":"0.2565","31":"2.1501","8":"boy"},{"38":"0.9784","52":"2025-09-15 03:00:59.697172245","35":"m"},2025-09-15 20:19:19.618102692,4424
21857,2025-09-15 19:48:23.301867402,dealer2,sender2,{"52":"2025-09-15 00:42:35.412540068","5":"C","150":"1940"},{"8":"hello","31":"1.3031","40":"H"},2025-09-15 16:22:22.353461193,7550
13259,2025-09-15 19:30:40.537508353,dealer2,sender1,{"35":"e","35":"L","38":"1.1194"},{"150":"2913","5":"R","12":10.952},2025-09-15 10:07:14.993216012,2633
14795,2025-09-15 21:53:22.658765709,dealer2,sender1,{"40":"C","5":"R","12":8.389},{"35":"Q","32":"16975","38":"1.3546"},2025-09-15 12:14:45.889835393,12671
13084,2025-09-15 17:49:33.322739906,dealer1,sender3,{"52":"2025-09-15 21:18:13.217336779","38":"1.5466","151":"2.0756"},{"150":"12984","40":"E","40":"5"},2025-09-15 00:41:48.777448903,15883
9522,2025-09-15 11:06:31.187504701,dealer2,sender2,{"151":"2.4695","31":"2.152","31":"1.2804"},{"8":"ok","38":"0.1719","12":11.116},2025-09-15 14:58:50.794160434,12501
15461,2025-09-15 09:37:10.162758830,dealer1,sender1,{"38":"0.6347","40":"F","35":"B"},{"31":"1.2028","8":"me","5":"N"},2025-09-15 20:30:39.920230203,12100
6499,2025-09-15 05:14:20.274190040,dealer1,sender1,{"38":"1.652","31":"0.5609","35":"k"},{"150":"8586","150":"15880","150":"18052"},2025-09-15 23:40:17.499224655,1835
2057,2025-09-15 04:29:53.399294527,dealer2,sender3,{"52":"2025-09-15 01:55:10.626548499","8":"boy","12":23.501},{"35":"Z","38":"1.0334","151":"1.71"},2025-09-15 14:58:26.700110384,14839
16436,2025-09-15 01:27:30.740630707,dealer1,sender1,{"38":"2.15","32":"22046","31":"0.7795"},{"35":"h","5":"N","5":"N"},2025-09-15 08:36:57.613559461,14975
10106,2025-09-15 10:23:23.897760836,dealer2,sender3,{"31":"1.0553","32":"20270","40":"E"},{"38":"1.7385","12":7.606,"8":"me"},2025-09-15 00:07:15.524178109,8402
19595,2025-09-15 04:39:28.451088071,dealer1,sender2,{"12":1.836,"12":23.181,"32":"7658"},{"150":"3041","35":"W","35":"A"},2025-09-15 02:15:26.157074585,8588
24748,2025-09-15 14:03:13.734764354,dealer1,sender1,{"151":"0.8479","35":"2","35":"Y"},{"52":"2025-09-15 01:45:52.327186982","38":"1.953","32":"9330"},2025-09-15 00:10:19.800353812,14566
22959,2025-09-15 18:51:37.561760217,dealer2,sender2,{"32":"15255","150":"20490","32":"9212"},{"5":"R","35":"5","151":"1.0348"},2025-09-15 09:50:27.211350117,14809
9371,2025-09-15 07:10:17.426790542,dealer2,sender2,{"150":"8972","35":"i","12":10.811},{"8":"me","151":"1.957","8":"me"},2025-09-15 13:57:18.355503941,14732
15676,2025-09-15 18:18:15.525389718,dealer1,sender3,{"8":"me","52":"2025-09-15 01:12:36.839195362","31":"0.0607"},{"38":"2.1386","35":"e","32":"20317"},2025-09-15 03:27:25.524579697,19282
851,2025-09-15 22:59:11.278101699,dealer1,sender2,{"52":"2025-09-15 00:00:11.670188315","32":"14988","150":"422"},{"38":"0.4149","40":"P","40":"I"},2025-09-15 20:41:59.836957245,21868
3625,2025-09-15 23:11:29.764565035,dealer1,sender1,{"5":"R","52":"2025-09-15 05:35:55.565682293","32":"5178"},{"35":"B","12":11.87,"31":"2.2379"},2025-09-15 07:01:23.860281770,18617
10651,2025-09-15 05:32:25.551415665,dealer2,sender2,{"32":"11111","8":"hello","40":"8"},{"38":"1.7041","5":"N","52":"2025-09-15 22:35:58.229075296"},2025-09-15 00:17:25.767298341,980
18308,2025-09-15 19:39:51.919637574,dealer2,sender2,{"8":"joe","151":"0.3016","32":"12655"},{"5":"N","31":"2.3442","52":"2025-09-15 07:53:45.682371804"},2025-09-15 16:53:43.023354297,9415
3011,2025-09-15 20:09:19.948556156,dealer2,sender2,{"31":"1.3595","52":"2025-09-15 22:25:53.108203718","32":"3386"},{"150":"9253","38":"0.1898","151":"0.3528"},2025-09-15 07:22:45.329327542,16737
14195,2025-09-15 03:59:34.508692336,dealer1,sender3,{"31":"1.3195","5":"N","40":"7"},{"12":0.087,"8":"boy","38":"2.0471"},2025-09-15 08:26:00.690146240,12761
2296,2025-09-15 21:48:09.011567448,dealer1,sender3,{"31":"2.3183","12":4.3,"8":"what"},{"151":"0.2634","151":"1.9208","52":"2025-09-15 17:29:00.394644337"},2025-09-15 21:04:19.160942572,18645
15507,2025-09-15 18:57:28.600769699,dealer2,sender1,{"31":"1.1741","32":"15014","5":"N"},{"151":"1.6772","40":"I","12":4.329},2025-09-15 22:35:55.521211351,22770
11021,2025-09-15 10:06:46.502749761,dealer1,sender3,{"32":"11180","32":"21277","52":"2025-09-15 03:58:14.846373442"},{"8":"me","35":"L","40":"A"},2025-09-15 07:08:47.606494922,15097
19431,2025-09-15 17:49:14.480969064,dealer1,sender2,{"38":"0.7754","35":"A","52":"2025-09-15 01:47:22.525244332"},{"12":20.374,"32":"11682","32":"680"},2025-09-15 15:41:28.302665195,24332
16055,2025-09-15 08:50:49.728525495,dealer2,sender1,{"31":"1.2594","38":"0.6258","52":"2025-09-15 19:19:29.878712281"},{"32":"9448","5":"C","151":"0.7217"},2025-09-15 01:53:22.567307393,1805
18239,2025-09-15 08:05:59.539839436,dealer1,sender3,{"32":"15084","5":"N","40":"4"},{"150":"16501","35":"W","12":17.892},2025-09-15 17:20:48.978220982,20840
9262,2025-09-15 04:37:15.225852205,dealer2,sender3,{"52":"2025-09-15 00:36:05.738834724","31":"1.6688","32":"22832"},{"38":"2.3421","5":"C","151":"1.1769"},2025-09-15 19:07:52.054393408,10105
13765,2025-09-15 12:48:31.739852511,dealer2,sender3,{"52":"2025-09-15 21:06:42.317553981","12":7.872,"31":"2.3717"},{"35":"C","38":"2.0526","150":"8799"},2025-09-15 08:26:14.346205368,20559
9105,2025-09-15 10:28:36.681774478,dealer2,sender3,{"52":"2025-09-15 21:23:34.624623943","32":"7302","150":"4506"},{"35":"D","5":"R","8":"boy"},2025-09-15 08:27:52.803146207,391
6746,2025-09-15 14:31:49.802875519,dealer2,sender3,{"32":"20483","31":"2.4041","31":"0.8848"},{"35":"m","40":"A","5":"N"},2025-09-15 13:32:39.753029759,17753
5106,2025-09-15 16:21:34.623750326,dealer2,sender2,{"31":"2.2885","8":"ok","8":"joe"},{"150":"6073","38":"0.872","32":"10205"},2025-09-15 04:23:58.295561270,15954
10499,2025-09-15 20:08:52.031561315,dealer1,sender3,{"40":"E","52":"2025-09-15 00:24:45.249434324","8":"what"},{"5":"C","12":20.162,"150":"24889"},2025-09-15 10:18:29.731548932,22921
2037,2025-09-15 02:13:15.184103482,dealer2,sender3,{"12":1.745,"5":"C","8":"me"},{"32":"16202","151":"0.3735","31":"2.2862"},2025-09-15 15:28:41.468317647,10606
1369,2025-09-15 20:03:14.847663744,dealer1,sender1,{"31":"0.4645","8":"joe","31":"1.7139"},{"40":"A","52":"2025-09-15 07:26:23.827887932","12":17.732},2025-09-15 18:05:34.244652199,22866
24211,2025-09-15 02:39:34.525271095,dealer2,sender1,{"52":"2025-09-15 23:17:19.875086997","32":"23409","38":"0.955"},{"35":"H","35":"f","5":"C"},2025-09-15 00:36:11.377789113,21076
20470,2025-09-15 19:00:42.825390938,dealer1,sender1,{"31":"0.172","40":"7","150":"12463"},{"151":"2.2334","8":"hello","151":"1.431"},2025-09-15 21:37:33.431964815,4969
9968,2025-09-15 10:24:05.082642315,dealer1,sender3,{"151":"0.8997","40":"9","52":"2025-09-15 03:09:19.231393033"},{"35":"9","31":"2.4152","8":"boy"},2025-09-15 19:51:02.258020375,1677
15973,2025-09-15 11:18:00.563101575,dealer2,sender3,{"151":"0.6023","8":"what","32":"7402"},{"31":"1.5867","38":"2.3658","52":"2025-09-15 00:54:25.594928904"},2025-09-15 03:57:22.954931704,23078
1157,2025-09-15 07:55:32.292150797,dealer1,sender1,{"150":"12306","52":"2025-09-15 06:10:05.109852391","8":"boy"},{"38":"0.3623","31":"1.8928","38":"2.4438"},2025-09-15 07:03:30.865312641,16719
6227,2025-09-15 07:38:53.490303060,dealer2,sender2,{"8":"what","150":"11815","151":"2.4421"},{"32":"3389","35":"k","31":"1.0617"},2025-09-15 15:52:16.188488025,11934
22978,2025-09-15 07:53:20.810243065,dealer2,sender2,{"150":"11050","8":"ok","38":"0.212"},{"31":"0.2015","31":"2.3222","31":"0.417"},2025-09-15 00:03:21.898168634,17930
3025,2025-09-15 20:37:05.124717155,dealer2,sender3,{"151":"0.9142","40":"I","151":"1.2046"},{"150":"4716","12":7.613,"52":"2025-09-15 06:59:56.331576178"},2025-09-15 17:47:50.527186430,21001
22917,2025-09-15 12:27:44.570376567,dealer1,sender1,{"40":"D","40":"8","5":"N"},{"150":"11193","35":"0","31":"1.3873"},2025-09-15 05:41:17.280105825,20734
6946,2025-09-15 17:12:16.233781876,dealer1,sender3,{"31":"0.9929","40":"A","31":"1.3972"},{"151":"1.6361","32":"11648","8":"boy"},2025-09-15 18:05:49.251885288,11924
2064,2025-09-15 17:33:14.858222526,dealer1,sender2,{"38":"2.3022","32":"7145","5":"C"},{"12":7.407,"8":"ok","35":"3"},2025-09-15 07:52:27.284587868,11558
12213,2025-09-15 11:13:50.973468802,dealer1,sender1,{"5":"N","32":"18636","35":"c"},{"52":"2025-09-15 09:33:27.543738225","52":"2025-09-15 10:50:40.047306465","12":14.337},2025-09-15 09:49:24.886330296,8219
1586,2025-09-15 23:34:53.860952320,dealer1,sender2,{"40":"5","151":"2.3391","5":"N"},{"12":8.658,"52":"2025-09-15 21:50:57.997349078","35":"a"},2025-09-15 00:32:05.800451283,9021
18781,2025-09-15 12:59:28.611226751,dealer2,sender1,{"12":0.532,"32":"9227","150":"21729"},{"52":"2025-09-15 00:37:55.779871066","38":"0.4191","38":"0.1557"},2025-09-15 20:47:09.889810089,24676
2673,2025-09-15 17:03:13.623095160,dealer1,sender3,{"150":"12872","150":"24740","38":"2.192"},{"12":2.933,"5":"C","8":"hello"},2025-09-15 00:13:23.076248131,2887
21790,2025-09-15 05:15:49.540065276,dealer2,sender2,{"52":"2025-09-15 06:28:28.480182627","150":"17010","32":"16911"},{"5":"R","40":"D","31":"2.2157"},2025-09-15 15:44:06.724146308,11478
10119,2025-09-15 02:17:31.064761152,dealer1,sender1,{"40":"I","5":"C","5":"N"},{"31":"0.6345","35":"l","150":"7646"},2025-09-15 15:03:40.102953470,15869
2700,2025-09-15 21:31:46.684017547,dealer1,sender2,{"12":24.937,"150":"2094","35":"N"},{"31":"0.7731","32":"17542","38":"0.5128"},2025-09-15 04:19:14.320792247,2463
660,2025-09-15 08:16:29.099194066,dealer2,sender1,{"52":"2025-09-15 18:23:41.875423052","32":"14691","40":"G"},{"150":"58","5":"N","151":"1.4992"},2025-09-15 07:50:03.845971476,13799
24003,2025-09-15 11:20:40.810437486,dealer1,sender2,{"32":"7550","38":"0.6514","150":"711"},{"52":"2025-09-15 14:24:41.975128750","8":"joe","31":"2.0042"},2025-09-15 03:58:31.506277790,11129
6783,2025-09-15 05:15:21.080817011,dealer1,sender1,{"151":"2.3803","151":"2.4716","40":"H"},{"52":"2025-09-15 21:59:20.420782153","31":"0.807","12":5.556},2025-09-15 05:45:03.124045948,4604
4509,2025-09-15 15:41:13.562980620,dealer2,sender2,{"12":16.549,"35":"b","5":"R"},{"32":"15327","52":"2025-09-15 18:49:46.252112242","40":"3"},2025-09-15 18:57:46.461295016,5611
19911,2025-09-15 08:27:14.955693222,dealer2,sender2,{"32":"14590","35":"K","8":"hello"},{"12":11.918,"31":"1.664","38":"0.7799"},2025-09-15 22:34:18.892269779,9649
12916,2025-09-15 11:54:51.399121766,dealer2,sender3,{"31":"1.9767","35":"N","5":"N"},{"52":"2025-09-15 01:09:36.329400225","32":"11000","8":"joe"},2025-09-15 15:42:08.309329355,15427
4124,2025-09-15 12:20:25.447605030,dealer2,sender3,{"12":15.461,"32":"23885","8":"what"},{"151":"1.5924","52":"2025-09-15 20:46:13.645048530","38":"0.0478"},2025-09-15 06:28:20.527737387,13937
203,2025-09-15 12:47:14.967607189,dealer1,sender1,{"32":"11044","8":"boy","40":"6"},{"35":"E","35":"e","31":"0.0976"},2025-09-15 19:28:07.388578488,11948
4790,2025-09-15 06:55:02.003515311,dealer2,sender2,{"31":"1.4486","8":"boy","12":14.664},{"35":"i","32":"11351","5":"C"},2025-09-15 16:27:32.661520726,11144
3535,2025-09-15 14:08:41.243769719,dealer2,sender2,{"40":"F","150":"1121","32":"10699"},{"35":"K","8":"boy","5":"N"},2025-09-15 06:03:25.328831842,19668
24704,2025-09-15 17:27:15.071552488,dealer1,sender3,{"52":"2025-09-15 03:48:48.280006366","150":"6126","52":"2025-09-15 22:10:44.891674249"},{"40":"1","35":"V","12":12.766},2025-09-15 15:14:34.588763577,818
7254,2025-09-15 00:06:24.163849471,dealer1,sender3,{"5":"R","38":"2.1754","31":"2.474"},{"150":"7257","32":"22010","32":"12423"},2025-09-15 01:55:05.655469023,7478
24456,2025-09-15 18:55:18.850850487,dealer2,sender1,{"52":"2025-09-15 21:15:14.345596515","12":22.931,"12":0.235},{"5":"N","40":"H","150":"12103"},2025-09-15 04:22:26.323563955,8557
23481,2025-09-15 01:00:23.657743106,dealer2,sender1,{"40":"4","12":21.871,"150":"10894"},{"35":"L","5":"N","8":"what"},2025-09-15 10:56:28.148823435,18884
21401,2025-09-15 10:24:24.941521213,dealer2,sender3,{"150":"13961","38":"0.9063","38":"1.1237"},{"5":"C","8":"joe","31":"0.1882"},2025-09-15 01:08:33.825191035,19437
11434,2025-09-15 10:08:38.675840766,dealer1,sender1,{"32":"10938","151":"0.0128","38":"0.9869"},{"40":"5","52":"2025-09-15 01:20:52.019053869","35":"2"},2025-09-15 03:06:44.799031446,15522
13726,2025-09-15 01:15:32.581107059,dealer1,sender2,{"31":"1.2151","8":"joe","151":"2.1319"},{"5":"R","52":"2025-09-15 18:15:17.513607628","52":"2025-09-15 04:33:56.162801610"},2025-09-15 17:00:23.270130557,21252
13205,2025-09-15 18:34:22.953190874,dealer2,sender1,{"35":"G","151":"1.5367","52":"2025-09-15 20:00:37.946711039"},{"8":"joe","150":"10351","150":"11019"},2025-09-15 06:15:51.547643883,24508
17352,2025-09-15 07:58:00.372629422,dealer2,sender1,{"40":"E","35":"Y","151":"1.9607"},{"52":"2025-09-15 12:25:54.292744688","8":"joe","150":"22832"},2025-09-15 19:00:56.597590300,4769
147,2025-09-15 16:23:45.212949709,dealer2,sender3,{"40":"B","31":"1.0335","35":"5"},{"12":1.1,"38":"0.339","150":"10416"},2025-09-15 06:11:56.969234323,15334
18573,2025-09-15 13:30:49.481630411,dealer2,sender1,{"32":"7635","31":"1.2538","40":"3"},{"5":"C","35":"7","8":"joe"},2025-09-15 15:20:16.505685869,12194
2507,2025-09-15 08:22:16.851648786,dealer2,sender2,{"52":"2025-09-15 07:17:01.743945839","32":"19651","8":"ok"},{"40":"4","35":"c","35":"m"},2025-09-15 06:15:06.591322263,9285
12937,2025-09-15 18:10:43.777807343,dealer2,sender1,{"40":"I","151":"0.0417","8":"me"},{"32":"592","38":"0.2898","38":"0.3129"},2025-09-15 14:36:40.868613049,11966
7394,2025-09-15 22:18:06.044700107,dealer1,sender1,{"8":"joe","5":"R","150":"21881"},{"12":18.791,"32":"24131","12":23.881},2025-09-15 11:04:47.832193591,1498
8834,2025-09-15 15:59:13.343470918,dealer1,sender3,{"32":"19718","52":"2025-09-15 17:06:22.829039197","5":"C"},{"151":"2.2737","151":"2.3012","8":"boy"},2025-09-15 18:34:05.348693474,16252
2589,2025-09-15 00:01:58.988869849,dealer2,sender1,{"8":"hello","32":"20699","151":"0.1027"},{"150":"17368","40":"F","38":"1.9606"},2025-09-15 07:34:24.054655998,21376
13697,2025-09-15 10:41:05.947754481,dealer1,sender3,{"38":"2.1394","150":"5093","38":"1.4648"},{"32":"7589","52":"2025-09-15 06:36:14.647034102","40":"7"},2025-09-15 07:06:25.835395387,21702
8885,2025-09-15 16:28:59.720039628,dealer1,sender3,{"31":"0.1414","8":"boy","31":"2.4236"},{"150":"4687","12":24.195,"35":"f"},2025-09-15 21:57:03.705449770,2941
5576,2025-09-15 12:16:09.902078173,dealer2,sender3,{"38":"1.5652","40":"D","38":"2.1902"},{"8":"hello","32":"20867","52":"2025-09-15 02:57:08.358710266"},2025-09-15 06:06:01.464753347,4439
24158,2025-09-15 18:37:13.401758601,dealer2,sender1,{"31":"0.8511","5":"R","5":"N"},{"151":"0.5805","40":"3","35":"m"},2025-09-15 13:58:50.064639075,20868
21001,2025-09-15 03:29:32.023170231,dealer1,sender1,{"12":16.904,"35":"W","32":"17670"},{"5":"R","52":"2025-09-15 21:07:08.735583803","8":"joe"},2025-09-15 17:48:53.337531652,20505
24491,2025-09-15 14:26:01.892647395,dealer1,sender1,{"150":"1064","151":"1.4638","150":"17379"},{"12":3.724,"38":"0.8368","52":"2025-09-15 23:14:40.950301197"},2025-09-15 08:20:19.583665220,8392
7081,2025-09-15 08:01:32.954757558,dealer1,sender3,{"151":"1.6621","8":"what","151":"1.6642"},{"32":"6210","5":"C","150":"1390"},2025-09-15 22:50:29.124420652,7688
15081,2025-09-15 06:45:13.639814896,dealer2,sender1,{"151":"2.4576","12":7.87,"38":"1.2912"},{"150":"16228","5":"C","52":"2025-09-15 23:08:52.983661724"},2025-09-15 03:43:12.311947258,20963
9044,2025-09-15 02:22:07.851030838,dealer1,sender1,{"31":"1.3662","52":"2025-09-15 19:58:00.721009625","32":"20613"},{"35":"5","150":"24787","150":"2838"},2025-09-15 22:57:36.857307886,23599
3082,2025-09-15 08:38:38.677870563,dealer1,sender3,{"151":"2.0254","150":"16947","52":"2025-09-15 20:14:37.818485452"},{"12":5.473,"40":"E","8":"what"},2025-09-15 04:24:26.172774601,15735
9785,2025-09-15 11:56:46.409838059,dealer2,sender2,{"150":"9163","52":"2025-09-15 05:05:11.915254952","151":"2.1693"},{"8":"ok","12":17.579,"38":"0.9775"},2025-09-15 05:29:36.418605953,19824
710,2025-09-15 14:11:08.490672046,dealer1,sender1,{"5":"C","150":"4628","5":"R"},{"31":"2.3485","35":"P","38":"0.2526"},2025-09-15 04:55:19.142171768,7640
9091,2025-09-15 20:21:48.492380323,dealer2,sender3,{"52":"2025-09-15 15:01:31.256675776","35":"B","52":"2025-09-15 02:40:38.503312527"},{"151":"1.3613","151":"1.8856","40":"P"},2025-09-15 09:12:30.416869911,20940
11824,2025-09-15 06:30:45.029299589,dealer1,sender2,{"31":"0.2738","151":"0.5394","40":"C"},{"35":"8","12":7.337,"8":"hello"},2025-09-15 14:07:19.573679533,15304
9280,2025-09-15 22:18:38.991618506,dealer2,sender1,{"31":"0.3381","32":"3042","40":"7"},{"8":"ok","35":"c","5":"R"},2025-09-15 05:23:38.990724087,2631
21626,2025-09-15 03:07:32.879851916,dealer1,sender1,{"12":6.639,"151":"0.9809","32":"1568"},{"38":"0.9897","40":"9","40":"A"},2025-09-15 17:48:14.990183820,1059
2775,2025-09-15 11:20:22.107244622,dealer1,sender3,{"52":"2025-09-15 18:13:56.987176643","38":"1.9185","151":"1.592"},{"5":"N","32":"7658","8":"what"},2025-09-15 08:02:25.927520107,9821
19401,2025-09-15 20:54:45.940484504,dealer1,sender2,{"32":"17248","35":"N","52":"2025-09-15 16:55:02.007378447"},{"8":"joe","40":"C","38":"1.7027"},2025-09-15 05:18:51.280468023,814
2724,2025-09-15 09:26:23.942557694,dealer1,sender1,{"32":"21582","38":"1.5276","12":14.697},{"151":"0.0451","40":"F","52":"2025-09-15 21:19:53.519549153"},2025-09-15 11:25:39.605543418,8380
21016,2025-09-15 07:29:07.580332009,dealer1,sender3,{"151":"2.3144","151":"0.0729","150":"20428"},{"5":"R","12":3.102,"5":"N"},2025-09-15 13:26:18.136980133,1117
8904,2025-09-15 16:17:45.369557510,dealer2,sender3,{"8":"what","52":"2025-09-15 04:51:57.598248117","31":"1.0574"},{"150":"1346","12":18.952,"40":"6"},2025-09-15 07:01:50.829018799,18097
19609,2025-09-15 01:11:46.884927224,dealer1,sender2,{"8":"hello","52":"2025-09-15 18:56:25.753302452","35":"F"},{"150":"13179","150":"19643","12":10.557},2025-09-15 23:20:56.368338153,1161
15735,2025-09-15 09:14:04.788704650,dealer2,sender3,{"8":"boy","31":"0.7868","5":"C"},{"35":"1","150":"24618","40":"A"},2025-09-15 16:09:43.695166177,8536
13169,2025-09-15 22:01:17.755589784,dealer2,sender1,{"32":"6666","38":"1.4919","5":"N"},{"31":"0.0032","12":21.862,"40":"E"},2025-09-15 10:39:27.019235543,20588
1796,2025-09-15 12:35:11.100129528,dealer2,sender2,{"38":"2.4549","151":"0.203","35":"8"},{"8":"joe","52":"2025-09-15 23:42:04.423760552","32":"994"},2025-09-15 16:15:09.929744142,20277
11829,2025-09-15 04:24:30.511076510,dealer2,sender2,{"35":"7","5":"N","8":"joe"},{"151":"1.444","32":"12476","32":"23133"},2025-09-15 18:05:47.475915996,13978
13206,2025-09-15 19:54:50.474092644,dealer1,sender1,{"8":"what","5":"N","35":"Z"},{"52":"2025-09-15 20:00:26.903157989","40":"I","151":"0.3266"},2025-09-15 14:20:09.705796962,1038
13021,2025-09-15 13:00:18.511273626,dealer1,sender1,{"5":"N","35":"P","5":"N"},{"31":"2.0951","52":"2025-09-15 13:47:57.337599580","12":9.999},2025-09-15 11:46:31.857528428,17620
17560,2025-09-15 12:30:44.434625523,dealer1,sender1,{"12":17.224,"150":"3159","32":"12125"},{"52":"2025-09-15 16:38:56.351679622","8":"boy","35":"e"},2025-09-15 12:20:33.256889359,9507
2181,2025-09-15 13:02:49.663211641,dealer2,sender3,{"12":2.346,"5":"C","40":"6"},{"8":"what","150":"3353","151":"2.2495"},2025-09-15 07:18:05.076280057,4107
13560,2025-09-15 22:48:58.743615720,dealer1,sender1,{"31":"2.1242","31":"1.2925","12":17.246},{"5":"C","38":"0.793","8":"boy"},2025-09-15 01:39:32.769292257,12348
4328,2025-09-15 03:40:50.920323064,dealer2,sender2,{"52":"2025-09-15 09:33:07.679478737","151":"0.0856","150":"14573"},{"12":9.162,"32":"13817","38":"0.3012"},2025-09-15 21:15:56.460153516,11483
22679,2025-09-15 00:16:45.868209948,dealer1,sender1,{"52":"2025-09-15 15:00:18.387945672","35":"g","151":"2.3206"},{"38":"1.1939","38":"0.3676","150":"12450"},2025-09-15 19:35:59.097617127,8960
10491,2025-09-15 21:39:51.618615470,dealer2,sender2,{"150":"13321","52":"2025-09-15 19:49:07.379672765","31":"1.7779"},{"32":"15689","38":"0.0355","40":"F"},2025-09-15 07:14:37.100107381,21694
15398,2025-09-15 18:45:06.806273266,dealer1,sender3,{"150":"24956","40":"A","150":"4877"},{"31":"1.2261","151":"0.4299","38":"1.1079"},2025-09-15 17:17:35.857188650,1625
2895,2025-09-15 05:27:22.977752046,dealer2,sender3,{"35":"B","5":"N","12":22.906},{"151":"0.806","151":"0.79","150":"12630"},2025-09-15 05:11:06.319692447,24655
23870,2025-09-15 15:03:12.130723774,dealer1,sender2,{"12":5.909,"38":"2.075","5":"C"},{"151":"0.3421","52":"2025-09-15 11:08:14.861626394","8":"what"},2025-09-15 17:07:44.992194243,2584
1583,2025-09-15 19:05:34.719795010,dealer2,sender3,{"35":"4","38":"2.4873","5":"C"},{"40":"D","8":"me","150":"18176"},2025-09-15 10:36:49.409568479,259
17107,2025-09-15 08:44:29.486362304,dealer2,sender2,{"8":"what","52":"2025-09-15 14:17:13.980749282","151":"2.2289"},{"31":"1.975","35":"R","150":"13818"},2025-09-15 23:00:36.767922259,22916
21968,2025-09-15 07:13:50.273090564,dealer1,sender2,{"8":"boy","8":"hello","35":"R"},{"38":"0.9364","52":"2025-09-15 08:49:19.932129965","38":"1.9502"},2025-09-15 19:07:43.605223214,19406
24435,2025-09-15 18:02:17.992482609,dealer1,sender1,{"151":"2.3048","40":"4","38":"0.8641"},{"150":"9164","31":"0.9992","5":"C"},2025-09-15 04:07:50.821247853,14844
2751,2025-09-15 07:00:16.848895600,dealer2,sender3,{"151":"0.8422","38":"0.8584","151":"0.3851"},{"31":"1.2587","40":"E","5":"N"},2025-09-15 22:46:08.856668881,21808
18712,2025-09-15 04:12:09.147833950,dealer1,sender2,{"31":"1.2997","5":"C","32":"11290"},{"12":22.017,"40":"4","8":"boy"},2025-09-15 19:19:31.639309706,22658
23137,2025-09-15 23:56:23.506945651,dealer2,sender3,{"32":"10107","38":"0.8605","150":"3612"},{"31":"2.2522","5":"C","35":"Y"},2025-09-15 21:20:04.898280706,3705
700,2025-09-15 07:56:14.702714886,dealer2,sender3,{"31":"0.7671","35":"2","38":"0.8209"},{"150":"16084","32":"1556","52":"2025-09-15 15:33:00.163836120"},2025-09-15 12:37:12.038353404,21205
5942,2025-09-15 11:04:17.562148154,dealer1,sender3,{"40":"H","151":"0.1628","38":"2.1787"},{"32":"18204","8":"me","31":"0.0506"},2025-09-15 17:00:41.994399974,11651
23424,2025-09-15 15:32:54.454182242,dealer2,sender2,{"8":"joe","31":"1.0946","12":22.45},{"38":"1.218","151":"0.3931","52":"2025-09-15 22:54:33.301953213"},2025-09-15 11:28:05.499065915,5239
11378,2025-09-15 22:59:59.006928780,dealer2,sender2,{"40":"E","5":"N","38":"1.5757"},{"8":"boy","150":"3175","52":"2025-09-15 07:53:41.624906326"},2025-09-15 21:33:34.213069292,19657
2167,2025-09-15 22:25:03.103826039,dealer1,sender1,{"8":"ok","12":7.818,"35":"G"},{"31":"1.3614","151":"0.6146","52":"2025-09-15 10:27:08.039307262"},2025-09-15 14:33:31.419569090,24777
13821,2025-09-15 04:43:52.324153350,dealer1,sender3,{"151":"2.1914","40":"3","150":"15023"},{"52":"2025-09-15 05:37:51.520523210","35":"P","8":"what"},2025-09-15 12:12:18.060713053,4052
11121,2025-09-15 09:17:58.152939598,dealer2,sender3,{"5":"N","38":"1.5085","32":"3393"},{"52":"2025-09-15 18:50:35.995515002","150":"23275","35":"V"},2025-09-15 23:34:13.241074495,12731
7044,2025-09-15 08:46:06.757759064,dealer2,sender2,{"8":"joe","5":"R","40":"P"},{"151":"1.7285","35":"Q","38":"0.0503"},2025-09-15 20:58:23.591853512,16088
24943,2025-09-15 02:44:02.826752861,dealer1,sender2,{"151":"1.6231","35":"b","38":"1.4966"},{"32":"21925","40":"H","40":"H"},2025-09-15 17:03:41.429082221,23204
14006,2025-09-15 07:05:19.443657188,dealer1,sender2,{"35":"9","8":"me","8":"hello"},{"12":0.711,"31":"0.1243","38":"0.724"},2025-09-15 05:10:47.318488776,7659
22430,2025-09-15 19:01:42.461015922,dealer1,sender2,{"151":"1.7885","150":"6691","52":"2025-09-15 02:06:13.210835512"},{"12":20.158,"35":"T","12":24.505},2025-09-15 11:32:20.168071894,11014
4832,2025-09-15 18:05:22.335130850,dealer2,sender1,{"12":20.918,"40":"2","150":"19756"},{"38":"0.9562","35":"H","8":"boy"},2025-09-15 13:59:47.305092356,15342
18095,2025-09-15 16:05:16.932296071,dealer1,sender1,{"150":"16839","31":"2.2362","38":"1.9911"},{"5":"C","12":21.88,"35":"3"},2025-09-15 05:34:42.964566941,15125
18429,2025-09-15 09:11:09.995329137,dealer2,sender3,{"52":"2025-09-15 05:17:37.416393768","35":"B","12":14.684},{"40":"3","150":"21277","5":"R"},2025-09-15 15:54:27.146619535,11101
16329,2025-09-15 08:28:46.991116309,dealer1,sender3,{"52":"2025-09-15 13:48:16.858845813","40":"C","38":"1.1659"},{"31":"2.3102","31":"0.2968","35":"X"},2025-09-15 00:57:21.281247379,12719
19748,2025-09-15 16:16:27.022900293,dealer1,sender1,{"32":"18454","150":"16544","151":"0.3442"},{"5":"C","8":"what","5":"R"},2025-09-15 01:58:55.672621447,9501
1536,2025-09-15 17:10:07.509494118,dealer1,sender3,{"32":"12842","40":"B","5":"R"},{"151":"1.4989","38":"1.2074","38":"0.6874"},2025-09-15 00:46:39.638655545,7206
9384,2025-09-15 19:01:00.854308974,dealer2,sender2,{"12":18.385,"38":"2.1586","151":"0.316"},{"52":"2025-09-15 09:19:33.039020992","5":"C","8":"hello"},2025-09-15 11:32:07.284771875,4319
23224,2025-09-15 16:05:47.620997646,dealer2,sender1,{"8":"boy","32":"24036","8":"what"},{"52":"2025-09-15 07:59:05.637414893","5":"C","5":"C"},2025-09-15 00:34:06.109669961,4242
943,2025-09-15 22:31:09.967676384,dealer1,sender2,{"35":"l","150":"24739","38":"1.6437"},{"8":"what","40":"P","5":"N"},2025-09-15 03:04:09.006733901,797
19619,2025-09-15 12:39:30.248002865,dealer1,sender1,{"8":"hello","38":"2.0442","38":"1.3287"},{"12":24.89,"150":"13341","12":12.514},2025-09-15 11:04:39.219746918,209
20850,2025-09-15 03:30:05.045067584,dealer2,sender1,{"35":"g","5":"N","150":"16124"},{"151":"2.1355","40":"3","52":"2025-09-15 12:31:30.303355447"},2025-09-15 22:35:16.980092819,10828
19325,2025-09-15 23:02:29.706950878,dealer2,sender1,{"32":"1249","12":17.627,"31":"0.8785"},{"150":"444","8":"hello","150":"20637"},2025-09-15 07:34:32.572623010,18541
15245,2025-09-15 08:08:18.100176961,dealer2,sender2,{"31":"2.0805","5":"N","38":"0.6612"},{"8":"me","40":"A","52":"2025-09-15 02:20:49.804794054"},2025-09-15 05:43:53.475628332,11068
21255,2025-09-15 17:33:48.036847575,dealer2,sender1,{"151":"0.8789","40":"I","5":"C"},{"52":"2025-09-15 13:36:26.927573737","35":"k","35":"6"},2025-09-15 03:29:48.136975293,7352
5750,2025-09-15 22:10:35.981036202,dealer2,sender2,{"52":"2025-09-15 14:21:50.964602995","35":"i","52":"2025-09-15 16:57:25.999378637"},{"8":"me","31":"0.3854","38":"0.47"},2025-09-15 07:38:15.631509372,24244
12151,2025-09-15 03:44:42.884999450,dealer2,sender1,{"5":"C","12":11.082,"40":"9"},{"150":"7910","31":"2.2331","151":"1.6287"},2025-09-15 23:15:57.707894020,9092
18033,2025-09-15 02:42:15.647055647,dealer2,sender1,{"5":"N","38":"1.1174","35":"e"},{"52":"2025-09-15 08:57:38.800855138","12":21.29,"151":"2.1442"},2025-09-15 10:46:35.045559297,3111
11556,2025-09-15 20:19:19.758145182,dealer2,sender3,{"8":"me","38":"0.3504","5":"N"},{"151":"0.5077","31":"2.4185","12":10.966},2025-09-15 05:22:10.905937035,8166
3332,2025-09-15 16:52:33.208148867,dealer2,sender2,{"35":"S","150":"22472","5":"N"},{"32":"17468","8":"boy","52":"2025-09-15 14:40:55.273924975"},2025-09-15 17:32:09.836291007,15327
2975,2025-09-15 16:59:21.507862837,dealer1,sender2,{"12":2.781,"35":"H","5":"R"},{"8":"me","150":"17415","31":"0.5143"},2025-09-15 12:15:38.101806752,2773
23655,2025-09-15 04:42:32.893326352,dealer1,sender1,{"151":"1.4258","32":"3856","12":7.655},{"5":"R","40":"4","150":"6703"},2025-09-15 01:16:52.355688028,1088
10598,2025-09-15 20:28:15.441630313,dealer2,sender2,{"40":"3","5":"R","38":"0.5176"},{"8":"hello","12":13.711,"12":18.118},2025-09-15 07:56:24.189794675,11429
18158,2025-09-15 14:32:34.538394322,dealer2,sender2,{"31":"2.3053","8":"what","40":"G"},{"52":"2025-09-15 13:13:09.704966969","150":"13961","32":"6572"},2025-09-15 05:59:00.610190778,6511
1575,2025-09-15 18:10:28.223342379,dealer1,sender3,{"35":"j","5":"C","150":"11955"},{"31":"0.6279","38":"0.0858","151":"0.7019"},2025-09-15 00:54:23.692958383,23344
12129,2025-09-15 07:01:20.088069042,dealer1,sender3,{"12":5.557,"32":"18510","38":"2.3316"},{"151":"1.6814","52":"2025-09-15 18:06:31.513182138","151":"2.3686"},2025-09-15 17:41:04.708108447,8980
20163,2025-09-15 07:12:27.442346167,dealer1,sender3,{"40":"E","151":"2.2366","31":"0.959"},{"8":"hello","38":"1.9539","12":1.132},2025-09-15 11:48:47.091282351,23654
4178,2025-09-15 02:21:40.758290784,dealer2,sender1,{"151":"2.1672","8":"boy","40":"2"},{"38":"1.4204","31":"0.3939","5":"C"},2025-09-15 13:45:58.864886478,8815
22320,2025-09-15 12:14:01.759952809,dealer1,sender1,{"12":22.159,"40":"E","5":"N"},{"8":"joe","31":"0.1953","32":"18326"},2025-09-15 00:40:30.292448449,12499
5799,2025-09-15 20:09:37.365894817,dealer2,sender1,{"31":"0.8519","31":"1.3076","5":"N"},{"35":"E","12":11.511,"151":"1.7129"},2025-09-15 01:43:11.655038878,561
5100,2025-09-15 19:29:04.513380918,dealer2,sender1,{"32":"5058","150":"12218","52":"2025-09-15 11:21:08.939768897"},{"40":"2","8":"me","40":"C"},2025-09-15 13:36:27.751319453,6029
6812,2025-09-15 14:32:41.660384476,dealer1,sender1,{"151":"0.0298","150":"14529","38":"2.4726"},{"35":"1","40":"A","5":"R"},2025-09-15 02:30:52.064215089,13105
14382,2025-09-15 11:43:31.224549204,dealer2,sender1,{"12":11.924,"5":"C","38":"1.9882"},{"8":"me","32":"8034","31":"0.3785"},2025-09-15 07:15:06.587499559,19345
10913,2025-09-15 13:37:54.590776016,dealer2,sender1,{"31":"1.178","35":"9","38":"2.4792"},{"150":"694","151":"1.4722","52":"2025-09-15 02:48:34.018020133"},2025-09-15 19:49:35.836491726,21525
23461,2025-09-15 10:33:39.656022721,dealer2,sender1,{"12":18.389,"31":"0.0688","38":"0.1942"},{"35":"W","5":"R","52":"2025-09-15 15:20:18.524337369"},2025-09-15 16:27:59.386513813,485
20902,2025-09-15 05:17:13.496806655,dealer1,sender3,{"32":"19629","32":"3456","40":"F"},{"5":"N","52":"2025-09-15 13:22:35.420605550","150":"19124"},2025-09-15 01:36:52.101476065,15507
1764,2025-09-15 09:33:38.393560053,dealer2,sender3,{"40":"3","150":"22399","8":"what"},{"52":"2025-09-15 02:19:41.136747555","31":"1.9351","35":"C"},2025-09-15 17:38:18.692579295,6739
16838,2025-09-15 06:20:05.911514738,dealer1,sender1,{"8":"joe","5":"R","31":"2.369"},{"38":"1.767","52":"2025-09-15 03:19:47.953829968","32":"23044"},2025-09-15 04:16:05.169957033,23218
